City_ID,City,Country,Lat,Lng,Max Temp,Humidity,Cloudiness,Wind Speed,Current Description
0,Rikitea,PF,-23.1203,-134.9692,78.4,69,90,4.99,overcast clouds
1,Nanortalik,GL,60.1432,-45.2371,7.34,67,41,15.77,scattered clouds
2,Ilulissat,GL,69.2167,-51.1,3.22,51,100,6.91,overcast clouds
3,Pisco,PE,-13.7,-76.2167,69.85,78,0,14.97,clear sky
4,De Land,US,29.0283,-81.3031,60.15,83,4,4.81,clear sky
5,Shimoda,JP,34.6667,138.95,52.16,41,1,12.84,clear sky
6,Coquimbo,CL,-29.9533,-71.3436,62.33,94,0,5.75,clear sky
7,Ribeira Grande,PT,38.5167,-28.7,59.49,73,53,12.64,broken clouds
8,Birao,CF,10.2849,22.7882,61.79,26,35,5.93,scattered clouds
9,Avarua,CK,-21.2078,-159.775,82.45,78,20,11.5,few clouds
10,Hithadhoo,MV,-0.6,73.0833,82.69,70,11,12.03,few clouds
11,Punta Arenas,CL,-53.15,-70.9167,46.51,61,40,24.16,scattered clouds
12,Batticaloa,LK,7.7102,81.6924,75.9,70,4,0.78,clear sky
13,Saint-Philippe,RE,-21.3585,55.7679,81.95,94,100,23.85,moderate rain
14,Victoria,SC,-4.6167,55.45,78.06,83,40,5.75,scattered clouds
15,Busselton,AU,-33.65,115.3333,77.04,36,48,12.91,scattered clouds
16,Pevek,RU,69.7008,170.3133,-6.43,79,100,2.98,overcast clouds
17,Ushuaia,AR,-54.8,-68.3,42.46,65,40,37.98,scattered clouds
18,Yellowknife,CA,62.456,-114.3525,-28.59,88,0,5.75,clear sky
19,San Quintin,MX,30.4833,-115.95,58.42,68,56,8.21,broken clouds
20,Te Anau,NZ,-45.4167,167.7167,66.25,98,100,4.47,moderate rain
21,New Norfolk,AU,-42.7826,147.0587,64.65,38,83,1.99,broken clouds
22,Hermanus,ZA,-34.4187,19.2345,66.9,85,2,4.45,light rain
23,Jamestown,SH,-15.9387,-5.7168,68.88,66,97,10.63,overcast clouds
24,Tuktoyaktuk,CA,69.4541,-133.0374,-27.4,68,20,0.0,few clouds
25,Nizwa,OM,22.9333,57.5333,65.1,30,16,2.26,few clouds
26,Alice Springs,AU,-23.7,133.8833,71.15,100,100,14.97,overcast clouds
27,Qaanaaq,GL,77.484,-69.3632,-19.61,65,100,11.41,overcast clouds
28,Sovetskiy,RU,61.3614,63.5842,19.09,92,100,9.4,overcast clouds
29,Mayumba,GA,-3.432,10.6554,77.04,90,99,5.44,moderate rain
30,Vaini,TO,-21.2,-175.2,86.16,70,40,10.36,scattered clouds
31,Nouadhibou,MR,20.931,-17.0347,66.18,72,96,9.22,overcast clouds
32,Graciano Sanchez,MX,23.9167,-99.2833,65.55,69,0,1.63,clear sky
33,Motygino,RU,58.1831,94.7592,-2.45,98,98,1.21,overcast clouds
34,Fort Nelson,CA,58.8053,-122.7002,-17.01,76,0,0.0,clear sky
35,Arraial Do Cabo,BR,-22.9661,-42.0278,75.63,88,100,8.88,overcast clouds
36,Ferrol,ES,43.4832,-8.2369,46.51,86,0,5.57,clear sky
37,Kodiak,US,57.79,-152.4072,38.71,87,100,6.91,mist
38,Kaoma,ZM,-14.7833,24.8,63.72,93,100,2.37,overcast clouds
39,Albany,AU,-35.0169,117.8917,68.43,60,100,18.41,overcast clouds
40,Humberto De Campos,BR,-2.5983,-43.4611,75.31,94,72,6.17,broken clouds
41,Cape Town,ZA,-33.9258,18.4232,68.11,83,75,1.99,broken clouds
42,Filadelfia,PY,-22.35,-60.0333,82.42,49,92,7.45,overcast clouds
43,Hays,US,30.0502,-98.0336,58.51,82,89,7.63,overcast clouds
44,Chokurdakh,RU,70.6333,147.9167,-8.91,94,100,7.0,overcast clouds
45,Sanming,CN,26.2486,117.6186,50.43,96,100,2.19,light rain
46,Traverse City,US,44.7631,-85.6206,39.94,75,40,11.5,scattered clouds
47,Oussouye,SN,12.485,-16.5469,74.71,43,2,5.19,clear sky
48,Kapaa,US,22.0752,-159.319,79.12,66,0,4.0,clear sky
49,The Valley,AI,18.217,-63.0578,77.83,77,5,10.98,clear sky
50,Grindavik,IS,63.8424,-22.4338,30.67,100,75,10.36,light snow
51,Kyshtovka,RU,56.555,76.6271,-2.0,100,99,5.44,overcast clouds
52,Champerico,GT,14.3,-91.9167,80.35,69,0,8.19,clear sky
53,Coihaique,CL,-45.5752,-72.0662,58.95,51,0,9.22,clear sky
54,Saint-Georges,GF,3.9,-51.8,72.46,99,100,1.92,overcast clouds
55,Rapid Valley,US,44.0625,-103.1463,13.32,55,0,5.01,clear sky
56,Iqaluit,CA,63.7506,-68.5145,-7.31,69,75,17.0,light snow
57,Ostrovnoy,RU,68.0531,39.5131,19.58,91,100,11.56,overcast clouds
58,Vardo,NO,70.3705,31.1107,29.43,65,100,16.08,light snow
59,Narsaq,GL,60.9167,-46.05,14.22,81,14,4.5,few clouds
60,Kahului,US,20.8947,-156.47,80.62,66,40,20.71,scattered clouds
61,Carnarvon,AU,-24.8667,113.6333,84.27,70,99,14.97,overcast clouds
62,Rafaela,AR,-31.2503,-61.4867,81.99,47,68,1.99,broken clouds
63,Bairnsdale,AU,-37.8333,147.6167,66.06,57,72,5.01,broken clouds
64,Helong,CN,42.5397,128.9972,17.22,49,7,8.21,clear sky
65,Sitka,US,57.0531,-135.33,30.09,80,100,20.71,light snow
66,Bubaque,GW,11.2833,-15.8333,77.81,77,2,4.18,clear sky
67,Caravelas,BR,-17.7125,-39.2481,76.55,94,75,7.45,broken clouds
68,Atuona,PF,-9.8,-139.0333,78.8,74,7,17.69,clear sky
69,Khatanga,RU,71.9667,102.5,-38.04,99,28,2.3,scattered clouds
70,Pajapan,MX,18.25,-94.7,70.11,90,2,2.51,clear sky
71,Tibati,CM,6.4667,12.6333,62.53,30,20,3.38,few clouds
72,Hilo,US,19.7297,-155.09,73.8,86,75,6.91,broken clouds
73,Mar Del Plata,AR,-38.0023,-57.5575,70.09,86,0,1.01,clear sky
74,Barrow,US,71.2906,-156.7887,-16.58,69,0,10.36,haze
75,Butaritari,KI,3.0707,172.7902,82.36,76,19,13.42,few clouds
76,Kaitangata,NZ,-46.2817,169.8464,80.2,51,94,8.52,overcast clouds
77,College,US,64.8569,-147.8028,-9.42,71,20,0.0,few clouds
78,Provideniya,RU,64.3833,-173.3,14.11,62,20,29.08,few clouds
79,Constitucion,MX,23.9912,-104.6749,50.13,26,0,8.81,clear sky
80,Chuy,UY,-33.6971,-53.4616,62.06,77,0,6.67,clear sky
81,Bluff,NZ,-46.6,168.3333,72.81,85,89,10.56,overcast clouds
82,Luderitz,NA,-26.6481,15.1594,63.5,92,59,8.16,broken clouds
83,Mahebourg,MU,-20.4081,57.7,80.26,94,75,26.46,broken clouds
84,Saskylakh,RU,71.9167,114.0833,-28.57,100,44,1.88,scattered clouds
85,Georgetown,SH,-7.9333,-14.4167,77.65,78,20,11.5,few clouds
86,San Javier,BO,-16.2739,-62.5044,68.31,99,100,4.16,overcast clouds
87,Eldorado,AR,-26.4045,-54.6258,71.8,46,2,1.81,clear sky
88,Okha,RU,53.5739,142.9478,2.1,89,97,21.92,overcast clouds
89,Thompson,CA,55.7435,-97.8558,-23.64,69,0,6.91,clear sky
90,Ancud,CL,-41.8697,-73.8203,59.23,93,100,3.67,overcast clouds
91,Syamzha,RU,60.0158,41.0614,18.86,96,100,4.97,light snow
92,Nebbi,UG,2.4783,31.0889,74.55,49,98,1.92,overcast clouds
93,Porto Novo,CV,17.0197,-25.0647,69.8,78,2,7.38,clear sky
94,Pangody,RU,65.85,74.4859,-16.6,100,94,6.91,overcast clouds
95,Cabra,PH,13.8883,120.0494,80.4,72,37,23.71,scattered clouds
96,Khingansk,RU,49.1167,131.1833,-3.53,92,99,6.42,overcast clouds
97,Bathsheba,BB,13.2167,-59.5167,79.41,78,40,14.97,scattered clouds
98,Lagos,NG,6.5833,3.75,75.52,83,6,3.6,clear sky
99,Igarapava,BR,-20.0383,-47.7469,70.72,96,100,1.03,moderate rain
100,Inhambane,MZ,-23.865,35.3833,71.58,100,20,0.0,few clouds
101,Vila Velha,BR,-20.3297,-40.2925,72.95,95,100,5.75,thunderstorm with rain
102,Cherskiy,RU,68.75,161.3,9.99,68,100,4.12,overcast clouds
103,Road Town,VG,18.4167,-64.6167,75.99,76,4,12.75,clear sky
104,Aanekoski,FI,62.6946,25.818,15.87,93,99,3.0,light snow
105,Gamba,GA,-2.65,10.0,77.54,88,100,4.59,light rain
106,Alamor,EC,-4.0181,-80.0197,63.64,89,98,4.36,light rain
107,Ponta Do Sol,CV,17.1994,-25.0919,69.58,81,2,7.38,clear sky
108,Kunzelsau,DE,49.2819,9.6889,44.65,93,100,14.97,overcast clouds
109,Lavrentiya,RU,65.5833,-171.0,-0.69,83,1,14.36,clear sky
110,New Ulm,US,44.3125,-94.4605,7.47,73,0,21.85,clear sky
111,Solnechnyy,RU,50.7214,136.6319,4.44,89,100,2.77,overcast clouds
112,Egvekinot,RU,66.3167,-179.1667,-5.48,84,66,20.4,broken clouds
113,Mozarlandia,BR,-14.7447,-50.5706,71.42,94,95,1.95,moderate rain
114,Lima,PE,-12.0432,-77.0282,71.91,74,0,16.11,clear sky
115,Arraias,BR,-12.9288,-46.9437,67.5,91,42,1.39,scattered clouds
116,Dikson,RU,73.5069,80.5464,1.71,93,100,16.26,overcast clouds
117,Bowen,AU,-20.0167,148.2333,91.62,68,100,10.76,overcast clouds
118,Nemuro,JP,43.3236,145.575,25.23,64,21,19.44,few clouds
119,Gdansk,PL,54.3521,18.6464,38.08,95,100,3.44,mist
120,Shimanovsk,RU,52.0,127.7,1.29,73,7,8.88,clear sky
121,Lindas,NO,60.7381,5.16,35.65,88,99,18.68,overcast clouds
122,Tuatapere,NZ,-46.1333,167.6833,71.82,93,91,5.35,light rain
123,Port-Gentil,GA,-0.7193,8.7815,81.12,75,98,10.98,light rain
124,Tiksi,RU,71.6872,128.8694,-8.73,96,100,7.58,overcast clouds
125,Port Alfred,ZA,-33.5906,26.891,77.49,74,100,7.18,overcast clouds
126,Klaksvik,FO,62.2266,-6.589,36.52,72,100,21.07,overcast clouds
127,Isangel,VU,-19.55,169.2667,86.11,79,75,2.3,broken clouds
128,Sao Filipe,CV,14.8961,-24.4956,72.95,78,10,13.89,clear sky
129,Castro,CL,-42.4721,-73.7732,59.18,87,0,5.75,clear sky
130,Makokou,GA,0.5738,12.8642,73.4,74,96,2.21,light rain
131,Bredasdorp,ZA,-34.5322,20.0403,71.73,80,8,4.03,light rain
132,Aksu,KZ,52.0333,76.9167,-0.42,97,89,2.82,overcast clouds
133,Lagoa,PT,39.05,-27.9833,58.93,72,11,14.27,few clouds
134,Flin Flon,CA,54.7682,-101.865,-10.7,87,100,10.94,overcast clouds
135,Tha Chang,TH,9.2642,99.1922,82.42,78,20,5.75,few clouds
136,Santa Lucia,ES,27.9117,-15.5407,63.77,35,20,3.44,few clouds
137,Delaware,US,39.0004,-75.4999,33.93,94,0,9.22,clear sky
138,Hobart,AU,-42.8794,147.3294,65.01,42,75,17.27,broken clouds
139,Esperance,AU,-33.8667,121.9,73.24,46,21,19.24,few clouds
140,Neuquen,AR,-38.9516,-68.0591,85.89,28,0,12.66,clear sky
141,Pastavy,BY,55.1168,26.8326,19.96,96,99,6.33,overcast clouds
142,Vallenar,CL,-28.5708,-70.7581,66.31,64,0,3.58,clear sky
143,Tasiilaq,GL,65.6145,-37.6368,10.56,70,100,4.61,overcast clouds
144,Huarmey,PE,-10.0681,-78.1522,71.53,79,84,8.77,broken clouds
145,Riviere-Au-Renard,CA,48.9957,-64.3971,6.8,90,100,9.28,overcast clouds
146,Pangnirtung,CA,66.1451,-65.7125,-18.85,81,82,6.42,broken clouds
147,Broome,AU,-17.9667,122.2333,82.35,74,75,16.11,broken clouds
148,Belmopan,BZ,17.25,-88.7667,75.29,99,6,3.02,clear sky
149,Borger,US,35.6678,-101.3974,38.88,52,100,5.99,overcast clouds
150,Rawlins,US,41.7911,-107.2387,14.22,56,0,5.75,clear sky
151,Kayerkan,RU,69.3497,87.7602,1.53,84,98,5.84,overcast clouds
152,Bambous Virieux,MU,-20.3428,57.7575,80.22,94,75,26.46,moderate rain
153,Gladstone,AU,-23.85,151.25,93.78,49,100,8.05,overcast clouds
154,Port Elizabeth,ZA,-33.918,25.5701,73.09,88,0,2.3,clear sky
155,Bethel,US,41.3712,-73.414,34.16,74,100,0.0,overcast clouds
156,Cabo San Lucas,MX,22.8909,-109.9124,70.52,62,0,5.99,clear sky
157,Aljezur,PT,37.3191,-8.8033,51.69,56,0,4.88,clear sky
158,Smithers,CA,54.7804,-127.1743,19.72,58,100,6.91,overcast clouds
159,Krasnoborsk,RU,61.5598,45.934,22.19,96,96,4.74,snow
160,Laguna,BR,-28.4825,-48.7808,73.06,85,64,5.82,broken clouds
161,Aklavik,CA,68.2191,-135.0107,-15.77,100,96,4.27,overcast clouds
162,Iskateley,RU,67.6803,53.1512,-0.51,97,100,6.55,overcast clouds
163,Riyadh,SA,24.6877,46.7219,48.34,46,0,10.02,clear sky
164,Nyuksenitsa,RU,60.4128,44.2397,24.1,95,100,7.58,light snow
165,Puerto Ayora,EC,-0.7393,-90.3518,74.55,95,100,3.0,overcast clouds
166,Nantucket,US,41.2835,-70.0995,37.96,74,100,9.22,overcast clouds
167,Bengkulu,ID,-3.8004,102.2655,75.76,77,100,5.64,moderate rain
168,Nikolskoye,RU,59.7035,30.7861,24.69,97,99,2.39,snow
169,Yenagoa,NG,4.9247,6.2642,75.36,80,9,3.67,clear sky
170,Xining,CN,36.6167,101.7667,15.57,60,34,2.71,scattered clouds
171,La Union,HN,14.8167,-88.4,59.9,89,31,0.87,scattered clouds
172,Mishkino,RU,55.3389,63.9175,19.58,83,100,15.75,overcast clouds
173,Hofn,IS,64.2539,-15.2082,26.42,69,54,8.23,broken clouds
174,Beringovskiy,RU,63.05,179.3167,1.58,83,93,17.74,overcast clouds
175,Vanimo,PG,-2.6741,141.3028,82.0,78,82,4.41,light rain
176,Ahipara,NZ,-35.1667,173.1667,75.99,63,100,14.72,overcast clouds
177,Lebu,CL,-37.6167,-73.65,58.15,94,10,9.78,clear sky
178,East London,ZA,-33.0153,27.9116,76.73,72,99,4.52,overcast clouds
179,Mildura,AU,-34.2,142.15,71.08,28,0,13.8,clear sky
180,Miri,MY,4.4148,114.0089,82.54,83,40,3.44,scattered clouds
181,Norman Wells,CA,65.282,-126.8329,-29.16,68,20,2.3,few clouds
182,Rena,NO,61.1348,11.3641,13.77,98,100,1.1,overcast clouds
183,Lorengau,PG,-2.0226,147.2712,77.56,86,100,6.71,overcast clouds
184,Santa Isabel Do Rio Negro,BR,-0.4139,-65.0192,73.4,97,100,3.24,overcast clouds
185,Oksbol,DK,55.6268,8.2876,41.92,83,99,33.71,overcast clouds
186,Faanui,PF,-16.4833,-151.75,81.12,76,10,19.53,clear sky
187,Longyearbyen,SJ,78.2186,15.6401,22.84,63,75,0.0,broken clouds
188,Gillette,US,44.2911,-105.5022,9.95,67,0,3.44,clear sky
189,Deputatskiy,RU,69.3,139.9,-14.19,98,100,1.3,overcast clouds
190,Yangambi,CD,0.8102,24.4336,71.26,73,96,0.67,overcast clouds
191,Leon Valley,US,29.4952,-98.6186,63.52,71,0,1.01,clear sky
192,Vila Franca Do Campo,PT,37.7167,-25.4333,56.19,78,87,10.69,overcast clouds
193,Goure,NE,13.9835,10.2704,59.02,18,0,7.9,clear sky
194,Sao Joao Da Barra,BR,-21.6403,-41.0511,72.3,97,100,5.61,heavy intensity rain
195,Ruteng,ID,-8.6136,120.4721,76.77,57,15,3.6,few clouds
196,Fartura,BR,-23.3883,-49.51,70.29,93,100,4.54,overcast clouds
197,Kearney,US,40.6995,-99.0815,25.36,42,100,20.71,overcast clouds
198,Teya,RU,60.3778,92.6267,1.38,99,93,4.14,overcast clouds
199,Krylovskaya,RU,46.3194,39.9711,36.97,84,100,8.39,light rain
200,Vao,NC,-22.6667,167.4833,78.42,84,92,19.3,overcast clouds
201,Khash,IR,28.2211,61.2158,45.79,69,0,10.98,clear sky
202,Stornoway,GB,58.2093,-6.3865,43.93,91,75,3.0,broken clouds
203,Durango,MX,24.8333,-104.8333,52.75,24,2,8.79,clear sky
204,Havre-Saint-Pierre,CA,50.2334,-63.5986,8.6,77,100,9.22,overcast clouds
205,Mount Gambier,AU,-37.8333,140.7667,64.31,45,100,13.8,overcast clouds
206,Vestmannaeyjar,IS,63.4427,-20.2734,37.2,88,100,12.82,overcast clouds
207,Orocue,CO,4.7912,-71.3354,81.0,38,100,6.02,overcast clouds
208,Sant Julia De Loria,AD,42.4625,1.4825,41.7,91,21,9.22,few clouds
209,Kavaratti,IN,10.5669,72.642,80.37,68,6,9.26,clear sky
210,Kuryk,KZ,43.2,51.65,38.64,72,25,6.46,scattered clouds
211,Bintulu,MY,3.1667,113.0333,86.41,79,20,2.3,few clouds
212,Nijar,ES,36.9665,-2.206,46.04,57,0,9.22,clear sky
213,Lira,UG,2.235,32.9097,73.02,49,99,2.89,overcast clouds
214,Dwarka,IN,22.2394,68.9678,71.65,75,0,8.55,clear sky
215,Ust-Omchug,RU,61.15,149.6333,-5.87,92,87,7.52,overcast clouds
216,Upernavik,GL,72.7868,-56.1549,-13.68,74,100,5.57,overcast clouds
217,Northam,AU,-31.6667,116.6667,79.21,27,51,18.63,broken clouds
218,Cleburne,US,32.3476,-97.3867,63.97,79,100,8.05,overcast clouds
219,Montepuez,MZ,-13.1256,38.9997,67.55,98,17,0.85,few clouds
220,Aranos,NA,-24.1333,19.1167,71.19,77,95,4.59,light rain
221,Okhotsk,RU,59.3833,143.3,2.19,76,15,17.52,few clouds
222,Guaratinga,BR,-16.5667,-39.5667,77.67,97,2,2.19,clear sky
223,Ust-Tsilma,RU,65.441,52.1498,12.02,95,100,6.31,overcast clouds
224,Skeldon,GY,5.8833,-57.1333,74.3,91,55,6.42,broken clouds
225,Krasnoselkup,RU,65.7,82.4667,-16.11,100,93,3.51,overcast clouds
226,Koson,UZ,39.0375,65.585,44.92,54,100,8.52,overcast clouds
227,North Tonawanda,US,43.0387,-78.8642,40.12,55,75,7.0,broken clouds
228,Samsun,TR,41.25,36.3333,50.76,54,75,6.91,broken clouds
229,Bandarbeyla,SO,9.4942,50.8122,74.75,77,13,15.35,few clouds
230,Kavieng,PG,-2.5744,150.7967,82.31,72,100,6.91,overcast clouds
231,Bethanien,NA,-26.502,17.1583,73.72,69,95,3.51,light rain
232,Plyussa,RU,58.4308,29.3654,8.82,99,99,2.98,overcast clouds
233,Utiel,ES,39.5667,-1.2,44.22,82,0,5.97,clear sky
234,Jinchang,CN,38.4953,102.1739,24.98,29,48,5.12,scattered clouds
235,Sistranda,NO,63.7256,8.834,23.9,71,100,2.08,overcast clouds
236,Kieta,PG,-6.2167,155.6333,84.25,72,68,9.91,light rain
237,Fernandina Beach,US,30.6697,-81.4626,55.94,92,0,1.99,clear sky
238,Port Lincoln,AU,-34.7333,135.8667,64.67,52,95,17.09,overcast clouds
239,Labuhan,ID,-6.8844,112.2051,84.6,69,34,4.68,scattered clouds
240,Port Blair,IN,11.6667,92.75,78.84,78,20,2.3,mist
241,Hailar,CN,49.2,119.7,-5.96,94,99,6.6,overcast clouds
242,Hauterive,CA,49.1833,-68.2667,14.18,73,40,14.97,scattered clouds
243,Hami,CN,42.8,93.45,24.67,28,100,0.69,overcast clouds
244,Alta Floresta,BR,-9.8756,-56.0861,69.53,96,53,2.19,broken clouds
245,Salisbury,GB,51.0693,-1.7957,50.52,91,100,13.8,overcast clouds
246,Nanakuli,US,21.3906,-158.1547,82.35,54,40,4.61,scattered clouds
247,Kutum,SD,14.2,24.6667,53.78,25,0,6.08,clear sky
248,Elizabeth City,US,36.2946,-76.2511,39.02,91,0,9.22,clear sky
249,Leh,IN,34.1667,77.5833,-1.5,74,95,2.64,overcast clouds
250,Evensk,RU,61.95,159.2333,20.79,77,100,22.53,overcast clouds
251,Sainte-Adele,CA,45.9501,-74.1325,28.22,83,100,2.66,overcast clouds
252,Poya,NC,-21.35,165.15,86.36,55,72,10.25,broken clouds
253,Tabou,CI,4.423,-7.3528,77.5,82,100,2.21,overcast clouds
254,Dzhebariki-Khaya,RU,62.2167,135.8,-20.72,94,100,1.03,overcast clouds
255,Angamali,IN,10.2,76.4,76.95,88,20,4.61,mist
256,Port Keats,AU,-14.25,129.55,84.56,76,99,18.75,overcast clouds
257,Lidkoping,SE,58.5052,13.1577,28.29,3,100,9.78,light snow
258,Aykhal,RU,66.0,111.5,-18.99,100,12,2.53,few clouds
259,Talnakh,RU,69.4865,88.3972,2.21,95,100,7.29,overcast clouds
260,Naze,JP,28.3667,129.4833,56.32,73,100,13.15,overcast clouds
261,Edd,ER,13.9297,41.6925,76.78,76,68,2.01,broken clouds
262,Saint-Joseph,RE,-21.3667,55.6167,80.96,94,100,24.67,moderate rain
263,Kristiinankaupunki,FI,62.2743,21.376,9.95,98,100,4.25,overcast clouds
264,Zhigansk,RU,66.7697,123.3711,-25.1,98,87,8.39,overcast clouds
265,Chumphon,TH,10.3333,98.8333,80.71,56,49,6.08,scattered clouds
266,Cidreira,BR,-30.1811,-50.2056,72.77,75,0,13.82,clear sky
267,Groningen,SR,5.8,-55.4667,77.92,88,29,5.01,scattered clouds
268,Preston,US,42.0963,-111.8766,26.67,92,31,3.31,scattered clouds
269,Alofi,NU,-19.0595,-169.9187,78.69,83,75,3.44,light intensity shower rain
270,Vangaindrano,MG,-23.35,47.6,73.76,81,57,3.44,broken clouds
271,Afipskiy,RU,44.9021,38.8439,38.05,79,100,8.86,overcast clouds
272,Springdale,CA,49.5,-56.0649,4.89,87,2,3.69,clear sky
273,Dingle,IE,52.1408,-10.2689,51.26,74,99,15.26,overcast clouds
274,Aguilas,ES,37.4063,-1.5829,52.14,66,0,5.84,clear sky
275,Sur,OM,22.5667,59.5289,71.91,66,13,6.76,few clouds
276,Karpogory,RU,64.0019,44.4451,15.26,95,100,5.77,light snow
277,Havoysund,NO,70.9963,24.6622,23.88,68,84,12.64,broken clouds
278,Heihe,CN,50.2441,127.4902,3.78,73,6,12.06,clear sky
279,Kysyl-Syr,RU,63.8986,122.7617,-20.69,96,99,7.09,overcast clouds
280,Olafsvik,IS,64.8945,-23.7142,35.6,64,100,18.16,overcast clouds
281,Salalah,OM,17.0151,54.0924,64.49,52,0,6.91,clear sky
282,Havelock,US,34.8791,-76.9013,42.78,83,54,4.0,broken clouds
283,Gazli,UZ,40.1333,63.45,43.07,62,100,7.54,overcast clouds
284,Cockburn Town,TC,21.4612,-71.1419,75.52,75,30,21.68,scattered clouds
285,Zeya,RU,53.75,127.2667,3.56,54,34,3.13,scattered clouds
286,Wilhelmshaven,DE,53.5167,8.1333,43.02,75,100,27.51,overcast clouds
287,Abu Dhabi,AE,24.4667,54.3667,68.11,82,40,11.5,scattered clouds
288,Exeter,US,36.2961,-119.1421,50.76,79,33,2.28,scattered clouds
289,Kumbo,CM,6.2,10.6667,58.03,33,48,4.14,scattered clouds
290,Araouane,ML,18.9048,-3.5265,65.48,20,63,11.97,broken clouds
291,Bail Hongal,IN,15.8167,74.8667,71.24,27,6,2.15,clear sky
292,Latung,PH,5.5,120.8833,81.3,73,100,0.69,overcast clouds
293,Mao,TD,14.1212,15.3103,56.86,18,2,9.8,clear sky
294,Chumikan,RU,54.7183,135.315,0.25,73,23,14.67,few clouds
295,Westport,IE,53.8,-9.5167,52.83,100,95,11.14,overcast clouds
296,Padang,ID,-0.9492,100.3543,82.45,75,100,2.62,overcast clouds
297,Cooma,AU,-36.2333,149.1333,56.97,71,100,14.97,overcast clouds
298,Tuy Hoa,VN,13.0833,109.3,76.53,84,68,11.14,broken clouds
299,Juneau,US,58.3019,-134.4197,25.21,75,100,3.44,overcast clouds
300,Uvira,CD,-3.4067,29.1458,71.42,85,100,3.94,light rain
301,Galle,LK,6.0367,80.217,76.93,73,10,7.7,clear sky
302,Baykit,RU,61.67,96.37,-9.11,100,93,0.94,overcast clouds
303,Tongzi,CN,28.7829,105.0877,42.39,89,100,1.97,overcast clouds
304,Foumban,CM,5.7291,10.9001,63.72,54,64,3.04,broken clouds
305,Viedma,AR,-40.8135,-62.9967,68.67,55,100,15.12,overcast clouds
306,Graaff-Reinet,ZA,-32.2522,24.5308,73.92,73,99,6.8,overcast clouds
307,Taoudenni,ML,22.6783,-3.9836,66.42,25,50,11.79,scattered clouds
308,Port Hardy,CA,50.6996,-127.4199,39.76,93,100,2.3,overcast clouds
309,Juybar,IR,36.6412,52.9124,41.09,49,0,5.5,clear sky
310,Marand,IR,38.4329,45.7749,21.54,88,42,3.53,scattered clouds
311,Mahon,ES,39.8885,4.2658,52.36,87,20,13.8,few clouds
312,Harper,LR,4.375,-7.7169,78.1,81,100,3.13,overcast clouds
313,Saldanha,ZA,-33.0117,17.9442,66.25,96,78,12.19,broken clouds
314,Yorosso,ML,12.3536,-4.7761,67.75,9,100,10.16,overcast clouds
315,Guerrero Negro,MX,27.9769,-114.0611,60.28,74,96,11.72,overcast clouds
316,Shangqiu,CN,34.45,115.65,39.9,29,98,4.7,overcast clouds
317,Kupang,ID,-10.1667,123.5833,83.37,74,27,15.17,scattered clouds
318,Fukue,JP,32.6881,128.8419,44.96,65,75,10.36,broken clouds
319,Fortuna,US,40.5982,-124.1573,47.93,80,100,1.01,overcast clouds
320,San Patricio,MX,19.2167,-104.7,70.36,66,0,8.1,clear sky
321,Sisimiut,GL,66.9395,-53.6735,5.65,89,100,11.81,light snow
322,Catamarca,AR,-28.4696,-65.7852,85.77,43,100,4.0,heavy intensity rain
323,Ornskoldsvik,SE,63.2909,18.7153,14.95,92,100,4.61,overcast clouds
324,Hualmay,PE,-11.0964,-77.6139,71.04,79,70,8.86,broken clouds
325,Palmer,US,42.1584,-72.3287,30.54,82,99,2.64,overcast clouds
326,Hasaki,JP,35.7333,140.8333,50.29,32,0,24.32,clear sky
327,Cerritos,MX,22.4333,-100.2833,63.93,41,0,4.34,clear sky
328,Qaqortoq,GL,60.7167,-46.0333,14.5,90,8,4.81,clear sky
329,Santo Antonio Do Ica,BR,-3.1022,-67.9397,73.27,99,100,0.56,overcast clouds
330,Caninde De Sao Francisco,BR,-9.66,-37.7894,76.28,72,28,7.07,scattered clouds
331,El Carmen,CO,8.5106,-73.4478,67.17,72,2,4.41,clear sky
332,Bahir Dar,ET,11.5936,37.3908,62.22,55,63,3.04,broken clouds
333,Hovd,MN,48.0056,91.6419,-3.64,83,100,0.83,overcast clouds
334,Sept-Iles,CA,50.2001,-66.3821,2.05,70,100,4.0,overcast clouds
335,Manokwari,ID,-0.8667,134.0833,82.31,71,100,5.66,overcast clouds
336,Qingyuan,CN,23.7,113.0333,49.98,88,100,5.59,overcast clouds
337,Zuya,UA,45.0531,34.3154,35.37,86,100,5.12,overcast clouds
338,Najran,SA,17.4924,44.1277,59.65,36,1,4.76,clear sky
339,Broken Hill,AU,-31.95,141.4333,65.91,39,99,21.85,overcast clouds
340,Aloleng,PH,16.1307,119.7824,83.05,57,7,11.95,clear sky
341,Rabo De Peixe,PT,37.8,-25.5833,56.71,95,20,4.61,few clouds
342,Kurchum,KZ,48.5722,83.6542,-10.68,89,5,0.96,clear sky
343,Muros,ES,42.7762,-9.0603,48.7,86,0,5.61,clear sky
344,Geraldton,AU,-28.7667,114.6,100.81,17,0,28.77,clear sky
345,Los Llanos De Aridane,ES,28.6585,-17.9182,62.35,59,0,5.75,clear sky
346,Piney Green,US,34.716,-77.3202,42.73,62,0,9.22,clear sky
347,Srednekolymsk,RU,67.45,153.6833,-8.54,89,100,10.49,overcast clouds
348,Ibra,OM,22.6906,58.5334,64.98,33,5,2.77,clear sky
349,Yulara,AU,-25.2406,130.9889,69.64,94,100,14.97,overcast clouds
350,Fenoarivo Atsinanana,MG,-17.3667,49.4167,73.15,83,69,7.87,broken clouds
351,Bakel,SN,14.905,-12.4568,75.92,10,36,11.83,scattered clouds
352,Gravenhurst,CA,44.9168,-79.3663,37.74,60,100,11.5,overcast clouds
353,Bambanglipuro,ID,-7.95,110.2833,86.86,60,12,2.86,few clouds
354,Kiunga,PG,-6.1219,141.2906,76.91,85,100,1.25,overcast clouds
355,Kamenka,RU,51.3223,42.7678,28.74,98,68,5.55,broken clouds
356,Tarakan,ID,3.3,117.6333,85.5,70,40,9.22,scattered clouds
357,Dolores,UY,-33.5442,-58.1972,68.56,53,0,9.17,clear sky
358,Isetskoye,RU,56.4858,65.3226,20.28,84,100,12.3,overcast clouds
359,Severnyy,RU,50.677,36.5532,23.04,86,99,6.71,light snow
360,Karabulak,KZ,44.9082,78.491,14.99,71,67,6.73,broken clouds
361,Darhan,MN,49.4867,105.9228,-5.64,88,40,4.12,scattered clouds
362,Surt,LY,31.2089,16.5887,53.85,63,28,26.64,scattered clouds
363,Flinders,AU,-34.5833,150.8552,71.2,80,100,12.86,overcast clouds
364,Ojinaga,MX,29.5667,-104.4167,66.42,24,0,3.44,clear sky
365,Yining,CN,29.0361,114.5636,36.75,90,100,2.8,overcast clouds
366,Nizhniy Kuranakh,RU,58.8353,125.4869,-5.64,93,100,8.48,light snow
367,Athabasca,CA,54.7169,-113.2854,-4.18,86,100,10.69,overcast clouds
368,Dulce Nombre De Culmi,HN,15.1,-85.5333,80.83,97,1,1.57,clear sky
369,Waiuku,NZ,-37.25,174.75,78.46,69,100,11.72,overcast clouds
370,Maryborough,AU,-25.5333,152.7,90.86,51,95,6.49,overcast clouds
371,Arman,RU,59.7,150.1667,7.18,76,96,13.69,overcast clouds
372,Touros,BR,-5.1989,-35.4608,77.9,79,45,8.39,scattered clouds
373,Nortelandia,BR,-14.4547,-56.8028,69.91,98,97,4.0,overcast clouds
374,Kamaishi,JP,39.2667,141.8833,36.55,47,89,12.28,overcast clouds
375,Paramonga,PE,-10.6667,-77.8333,71.28,80,93,8.19,overcast clouds
376,Iberia,PE,-11.35,-69.5833,70.09,99,100,0.56,overcast clouds
377,Cap Malheureux,MU,-19.9842,57.6142,81.46,82,100,21.0,overcast clouds
378,Kalevala,RU,65.2,31.1667,11.48,94,100,8.03,overcast clouds
379,Isla Mujeres,MX,21.2311,-86.731,77.16,70,3,11.12,clear sky
380,Boca Do Acre,BR,-8.7522,-67.3978,73.36,98,100,1.39,light rain
381,Acandi,CO,8.5063,-77.2778,75.33,91,84,4.61,broken clouds
382,Little Current,CA,45.9793,-81.9248,39.42,91,100,14.5,overcast clouds
383,Saint George,BM,32.3817,-64.6781,60.58,72,75,6.91,broken clouds
384,Ust-Nera,RU,64.5667,143.2,0.01,97,100,3.33,overcast clouds
385,Mubende,UG,0.5606,31.39,65.28,77,100,1.14,overcast clouds
386,Itapuranga,BR,-15.5622,-49.9486,68.05,90,98,0.67,overcast clouds
387,Xingcheng,CN,40.6167,120.7167,20.59,62,1,3.02,clear sky
388,Belmonte,BR,-15.8631,-38.8828,79.3,84,5,6.87,clear sky
389,Winslow,US,35.0242,-110.6974,47.97,30,100,1.99,overcast clouds
390,San Policarpo,PH,12.1791,125.5072,80.73,81,31,10.78,scattered clouds
391,Gerede,TR,40.8008,32.1969,29.43,92,100,7.99,light snow
392,Angren,UZ,41.0167,70.1436,37.22,43,100,3.36,overcast clouds
393,Plettenberg Bay,ZA,-34.0527,23.3716,73.26,85,100,1.68,overcast clouds
394,Canning,IN,22.3189,88.6714,72.1,48,1,5.88,clear sky
395,San Cristobal,EC,-0.9045,-89.6174,75.24,86,67,7.11,broken clouds
396,Vakhrushevo,RU,55.2317,61.7173,21.58,85,40,11.18,scattered clouds
397,Chernyshevskiy,RU,63.0128,112.4714,-24.12,95,30,1.83,scattered clouds
398,Gilbues,BR,-9.8317,-45.3439,73.63,73,34,2.21,scattered clouds
399,Haines Junction,CA,60.7522,-137.5108,-5.57,92,100,1.72,overcast clouds
400,Russell,NZ,-35.2613,174.1236,76.23,81,100,11.52,overcast clouds
401,Fortuna Foothills,US,32.6578,-114.4119,66.29,27,75,1.01,broken clouds
402,Bilibino,RU,68.0546,166.4372,5.59,59,100,6.53,overcast clouds
403,Vite,IN,17.2833,74.55,72.39,22,2,3.69,clear sky
404,Luganville,VU,-15.5333,167.1667,83.71,76,89,0.85,light rain
405,Stromness,GB,58.965,-3.296,39.45,78,100,19.93,overcast clouds
406,Ostersund,SE,63.1792,14.6357,10.85,92,100,2.3,overcast clouds
407,Agadez,NE,19.75,10.25,53.26,23,0,6.62,clear sky
408,Dali,CN,25.7,100.1833,49.37,48,6,5.99,light rain
409,Pacific Grove,US,36.6177,-121.9166,56.88,67,0,1.01,clear sky
410,Souillac,MU,-20.5167,57.5167,81.36,94,75,26.46,moderate rain
411,Chicama,PE,-7.8447,-79.1469,63.14,67,14,5.77,few clouds
412,Byron Bay,AU,-28.65,153.6167,87.91,75,100,3.22,overcast clouds
413,Nome,US,64.5011,-165.4064,19.47,49,0,34.52,clear sky
414,Batagay,RU,67.6333,134.6333,-17.48,96,100,1.07,overcast clouds
415,Colares,PT,38.7992,-9.4469,54.9,52,0,5.01,clear sky
416,Lipari,IT,38.4674,14.954,52.79,51,11,27.65,few clouds
417,Kalmunai,LK,7.4167,81.8167,75.92,72,5,2.8,clear sky
418,Karratha,AU,-20.7377,116.8463,88.83,62,100,14.03,overcast clouds
419,Yar-Sale,RU,66.8333,70.8333,-15.36,99,48,7.58,scattered clouds
420,San Jeronimo,MX,29.3707,-110.79,64.98,32,100,6.31,overcast clouds
421,Cayenne,GF,4.9333,-52.3333,75.09,91,100,0.0,overcast clouds
422,Yelnya,RU,54.5786,33.1837,18.27,95,100,8.43,light snow
423,Sladkovo,RU,55.5284,70.3385,4.75,99,94,7.54,overcast clouds
424,Tilichiki,RU,60.4667,166.1,14.25,91,100,9.13,overcast clouds
425,Olinda,BR,-8.0089,-34.8553,82.13,74,40,6.91,scattered clouds
426,Kijang,ID,0.9,104.6333,84.49,70,16,5.32,few clouds
427,Korla,CN,41.7597,86.1469,24.85,43,0,2.98,clear sky
428,Biak,ID,-0.9131,122.8766,82.02,63,100,0.54,overcast clouds
429,Port Hedland,AU,-20.3167,118.5667,87.85,70,100,8.05,overcast clouds
430,Aswan,EG,24.0934,32.907,49.3,61,0,5.75,clear sky
431,Namatanai,PG,-3.6667,152.4333,83.26,69,94,7.47,light rain
432,Bud,NO,62.9088,6.9145,37.45,76,100,23.15,overcast clouds
433,Salinopolis,BR,-0.6136,-47.3561,79.0,85,93,10.71,overcast clouds
434,Pueblo Nuevo,MX,23.3833,-105.3833,42.73,44,0,4.38,clear sky
435,Takoradi,GH,4.8845,-1.7554,77.94,86,95,4.88,overcast clouds
436,Svetlogorsk,RU,54.9399,20.1548,31.6,93,100,11.05,overcast clouds
437,Lompoc,US,34.6391,-120.4579,57.51,46,0,9.22,clear sky
438,Maasim,PH,5.8575,125.0061,85.08,62,94,8.43,heavy intensity rain
439,Saint-Augustin,CA,51.226,-58.6502,-18.06,94,7,5.97,clear sky
440,Torbay,CA,47.6666,-52.7314,18.57,69,0,16.11,clear sky
441,Grafton,US,42.207,-71.6856,31.53,79,100,3.44,overcast clouds
442,Walvis Bay,NA,-22.9575,14.5053,66.09,89,11,2.06,few clouds
443,Koungou,YT,-12.7336,45.2042,80.31,89,0,5.75,moderate rain
444,Ocho Rios,JM,18.4025,-77.1048,78.55,85,22,11.12,few clouds
445,Nisia Floresta,BR,-6.0911,-35.2086,79.18,84,25,4.74,scattered clouds
446,Hengshui,CN,37.7322,115.7011,35.6,28,0,4.43,clear sky
447,Camacha,PT,33.0833,-16.3333,62.53,77,20,16.11,few clouds
448,Barcelona,PH,8.1592,126.4342,81.1,72,100,7.9,light rain
449,Kouango,CF,4.9934,19.9619,77.97,22,98,3.71,overcast clouds
450,Zaranj,AF,30.9667,61.8833,51.31,55,45,14.81,scattered clouds
451,Fairbanks,US,64.8378,-147.7164,-18.98,72,0,0.0,clear sky
452,Hinton,CA,53.4001,-117.5857,-2.16,100,100,0.22,overcast clouds
453,Rocha,UY,-34.4833,-54.3333,58.41,76,0,6.13,clear sky
454,Turukhansk,RU,65.8167,87.9833,8.02,94,98,9.24,overcast clouds
455,Wanning,CN,18.8003,110.3967,73.54,82,81,5.46,broken clouds
456,Port Macquarie,AU,-31.4333,152.9167,78.76,100,100,6.91,overcast clouds
457,Kiama,AU,-34.6833,150.8667,70.0,78,100,1.99,overcast clouds
458,Olga,RU,43.7444,135.2892,19.72,46,0,14.83,clear sky
459,Sayat,TM,38.7839,63.8803,44.47,83,100,13.29,light rain
460,Port-Cartier,CA,50.0334,-66.8654,1.74,92,100,2.51,overcast clouds
461,Grand-Lahou,CI,5.1367,-5.0242,77.77,88,100,4.34,overcast clouds
462,Awbari,LY,26.5921,12.7805,43.36,32,0,8.88,clear sky
463,Poum,NC,-20.2333,164.0167,80.83,73,63,11.86,broken clouds
464,Port Augusta,AU,-32.5,137.7667,76.71,25,0,21.27,clear sky
465,Akyab,MM,20.15,92.9,69.67,58,12,6.02,few clouds
466,Nyurba,RU,63.2842,118.3319,-24.81,98,93,3.4,overcast clouds
467,Cervo,ES,43.6702,-7.4101,46.44,87,3,7.2,clear sky
468,Bardiyah,LY,31.7561,25.0865,54.1,52,93,21.43,overcast clouds
469,Dunedin,NZ,-45.8742,170.5036,75.79,62,72,8.99,broken clouds
470,Srivardhan,IN,18.0333,73.0167,71.89,54,1,3.06,clear sky
471,San Pedro,BO,-16.2372,-68.8506,42.12,84,65,6.15,broken clouds
472,Shenjiamen,CN,29.9576,122.298,44.31,83,100,13.35,overcast clouds
473,Shingu,JP,33.7333,135.9833,49.19,37,7,8.12,clear sky
474,Vestmanna,FO,62.1564,-7.1664,34.72,93,75,13.8,broken clouds
475,Plouzane,FR,48.3833,-4.6167,46.72,100,100,9.22,overcast clouds
476,Sabang,ID,5.8933,95.3214,81.19,74,17,8.59,few clouds
477,Denpasar,ID,-8.65,115.2167,85.71,74,20,5.75,few clouds
478,Marawi,SD,18.4833,31.8167,56.32,21,0,7.52,clear sky
479,Armidale,AU,-30.5167,151.65,67.8,95,100,1.95,overcast clouds
480,Praia Da Vitoria,PT,38.7333,-27.0667,57.76,82,40,12.82,scattered clouds
481,Baza,ES,37.4907,-2.7726,42.94,55,0,0.83,clear sky
482,Erdaojiang,CN,41.7764,126.0319,13.46,67,4,5.84,clear sky
483,Maldonado,UY,-34.6667,-54.9167,65.59,68,0,6.87,clear sky
484,Simbahan,PH,6.3032,120.5836,81.54,78,68,9.37,broken clouds
485,Dongsheng,CN,39.8161,109.9776,16.0,23,0,6.49,clear sky
486,Acajutla,SV,13.5928,-89.8275,76.48,79,0,7.09,clear sky
487,Kruisfontein,ZA,-34.0033,24.7314,70.88,70,100,2.21,overcast clouds
488,Gijon,ES,43.5357,-5.6615,45.86,91,1,3.89,clear sky
489,Amapa,BR,1.0,-52.0,71.76,99,100,2.15,light rain
490,Nsanje,MW,-16.92,35.262,70.93,96,0,1.74,clear sky
491,Innisfail,AU,-17.5333,146.0333,86.07,70,100,8.61,overcast clouds
492,Moose Factory,CA,51.2585,-80.6094,35.6,75,100,19.57,overcast clouds
493,Markdale,CA,44.3168,-80.6497,38.55,100,100,19.39,overcast clouds
494,Geeste,DE,52.6,7.2667,44.98,81,92,12.66,overcast clouds
495,Shelbyville,US,35.4834,-86.4603,55.22,35,0,10.36,clear sky
496,Muroto,JP,33.2833,134.15,46.44,49,67,11.54,broken clouds
497,Lakatoro,VU,-16.0999,167.4164,85.19,71,86,8.72,overcast clouds
498,Hamilton,US,39.1834,-84.5333,49.41,62,99,8.23,overcast clouds
499,Elesbao Veloso,BR,-6.2019,-42.1403,72.14,60,4,2.66,clear sky
500,Baracoa,CU,20.3467,-74.4958,74.37,80,96,13.44,overcast clouds
501,Banjar,ID,-8.19,114.9675,85.91,61,35,3.65,scattered clouds
502,Coahuayana,MX,18.7333,-103.6833,69.06,70,0,2.1,clear sky
503,Altayskoye,RU,51.9533,85.3325,5.02,92,67,4.38,broken clouds
504,Vrangel,RU,42.7297,133.0839,19.98,49,0,13.53,clear sky
505,Tateyama,JP,34.9833,139.8667,52.07,37,1,6.87,clear sky
506,Khasan,RU,42.4308,130.6434,22.6,43,0,19.24,clear sky
507,Warrington,US,30.3841,-87.275,62.33,72,75,14.0,broken clouds
508,Sobolevo,RU,54.4299,31.8996,19.24,96,100,8.19,light snow
509,Ciudad Bolivar,VE,8.1222,-63.5497,80.35,64,61,14.03,broken clouds
510,Santa Maria,CV,16.6,-22.9,68.59,94,75,9.22,mist
511,Rizhao,CN,35.4275,119.4553,35.74,33,98,1.5,overcast clouds
512,Corpus Christi,PY,-24.0333,-54.8333,74.1,63,0,3.94,clear sky
513,West Wendover,US,40.7391,-114.0733,25.9,47,13,5.91,few clouds
514,Salinas,EC,-2.2167,-80.9667,77.11,77,46,6.24,scattered clouds
515,Kaa-Khem,RU,51.6833,94.7333,-16.87,95,49,0.69,scattered clouds
516,Doha,QA,25.2867,51.5333,62.58,74,0,17.27,clear sky
517,Tongren,CN,27.7172,109.1853,34.54,95,100,3.85,light snow
518,Hobyo,SO,5.3505,48.5268,77.31,78,100,17.9,overcast clouds
519,Mezhova,UA,48.2532,36.7347,31.75,97,100,4.23,overcast clouds
520,Solotcha,RU,54.7917,39.8442,17.01,94,100,9.01,overcast clouds
521,Kokstad,ZA,-30.5472,29.4241,61.99,96,99,3.74,overcast clouds
522,Ocean Springs,US,30.4113,-88.8278,61.7,81,100,17.27,light rain
523,Stillwater,US,36.1156,-97.0584,49.71,85,100,1.01,overcast clouds
524,Ajdabiya,LY,30.7554,20.2263,54.48,60,21,12.75,few clouds
525,Estelle,US,29.8458,-90.1067,64.4,86,100,10.36,mist
526,Lumeje,AO,-11.55,20.7833,64.53,92,100,2.21,overcast clouds
527,Bodden Town,KY,19.2833,-81.25,75.2,84,0,5.01,clear sky
528,Auki,SB,-8.7676,160.7034,83.1,81,46,7.99,scattered clouds
529,Wa,GH,10.0607,-2.5019,70.56,10,100,8.08,overcast clouds
530,Vesoul,FR,47.5833,5.8333,43.09,98,100,12.28,overcast clouds
531,Vostok,RU,46.4856,135.8833,5.59,83,100,6.82,overcast clouds
532,Bindki,IN,26.0333,80.6,57.99,65,0,2.37,clear sky
533,Gubkinskiy,RU,64.434,76.5026,-20.74,100,100,4.68,overcast clouds
534,San Jose,GT,16.9833,-89.9,70.5,88,0,5.01,clear sky
535,North Platte,US,41.1239,-100.7654,22.98,41,100,4.0,overcast clouds
536,Baneh,IR,35.9975,45.8853,19.85,74,2,4.12,clear sky
537,Forssa,FI,60.8146,23.6215,16.41,98,92,2.59,overcast clouds
538,Intipuca,SV,13.1969,-88.0544,72.57,82,0,4.07,clear sky
539,Malatya,TR,38.5,38.0,32.05,87,75,0.0,light snow
540,Kishtwar,IN,33.3167,75.7667,38.1,57,52,4.21,broken clouds
541,El Paso,CO,9.6606,-73.7472,79.21,49,2,2.15,clear sky
542,Forst,DE,51.7333,14.6333,42.03,92,99,20.07,overcast clouds
543,Pemba,MZ,-12.974,40.5178,79.5,94,75,5.01,broken clouds
544,Albertville,US,34.2676,-86.2089,55.26,40,0,8.05,clear sky
545,Tarko-Sale,RU,64.9225,77.785,-21.19,100,100,4.99,overcast clouds
546,Batagay-Alyta,RU,67.8006,130.4114,-7.6,97,100,2.42,overcast clouds
547,Pineville,US,31.3224,-92.4343,62.58,86,100,12.66,overcast clouds
548,Bitung,ID,1.4451,125.1824,76.05,62,94,14.32,overcast clouds
549,Half Moon Bay,US,37.4636,-122.4286,59.07,42,20,4.0,haze
550,Cabedelo,BR,-6.9811,-34.8339,77.67,77,16,9.01,few clouds
551,Qui Nhon,VN,13.7667,109.2333,76.57,81,82,10.85,broken clouds
552,Kargopol,RU,61.5071,38.9456,6.55,98,100,1.61,overcast clouds
553,Ko Samui,TH,9.5357,99.9357,84.11,70,40,6.91,scattered clouds
554,Bontang,ID,0.1333,117.5,83.64,71,97,9.75,overcast clouds
555,Dumas,US,35.8656,-101.9732,35.74,44,75,12.66,broken clouds
556,Ingham,AU,-18.65,146.1667,93.15,55,100,5.99,overcast clouds
557,Chulman,RU,56.8479,124.9104,-10.05,93,100,8.88,overcast clouds
558,Guider,CM,9.9342,13.9486,66.27,22,53,4.65,broken clouds
559,Vilyuysk,RU,63.7553,121.6247,-21.98,96,98,6.13,overcast clouds
560,Kazerun,IR,29.6195,51.6541,46.18,63,0,4.47,clear sky
561,Houma,US,29.5958,-90.7195,63.01,96,100,12.93,overcast clouds
562,Madhogarh,IN,26.276,79.1869,57.04,63,0,3.58,clear sky
563,Altay,CN,47.8667,88.1167,9.05,83,94,4.43,overcast clouds
564,Maningrida,AU,-12.0667,134.2667,87.24,64,57,14.2,moderate rain
565,Presidencia Roque Saenz Pena,AR,-26.7852,-60.4388,81.81,25,39,6.64,scattered clouds
566,Manoel Urbano,BR,-8.8389,-69.2597,72.97,98,100,1.32,overcast clouds
567,Brzeszcze,PL,49.982,19.1516,35.96,98,100,15.95,snow
568,Mweka,CD,-4.85,21.5667,68.58,92,100,1.39,overcast clouds
569,Whitehorse,CA,60.7161,-135.0538,-3.98,67,100,17.0,overcast clouds
570,Elat,IL,29.5581,34.9482,49.84,57,0,6.91,clear sky
571,Cordoba,AR,-31.4135,-64.1811,77.85,69,0,12.66,clear sky
572,Hobara,JP,37.8167,140.55,40.35,61,36,7.0,scattered clouds
573,Puerto Del Rosario,ES,28.5004,-13.8627,67.75,52,100,6.91,overcast clouds
574,Oistins,BB,13.0667,-59.5333,78.89,78,40,14.97,scattered clouds
575,Kloulklubed,PW,7.0419,134.2556,81.19,75,100,19.19,heavy intensity rain
576,Richards Bay,ZA,-28.783,32.0377,75.2,82,91,11.27,overcast clouds
577,Berlevag,NO,70.8578,29.0864,21.78,74,76,6.85,broken clouds
578,Itarema,BR,-2.9248,-39.9167,76.93,86,89,9.62,overcast clouds
579,Tondano,ID,1.3038,124.9112,68.09,54,99,7.16,overcast clouds
580,Tynda,RU,55.1667,124.7167,-6.88,75,19,6.49,few clouds
581,Petropavlovsk-Kamchatskiy,RU,53.0452,158.6483,32.59,100,100,35.79,shower snow
582,Karakol,KG,42.4907,78.3936,14.85,60,9,6.67,clear sky
583,Moron,VE,10.4889,-68.2003,75.6,86,41,6.98,light rain
584,Matara,LK,5.9485,80.5353,77.0,68,19,10.67,few clouds
585,Kindu,CD,-2.95,25.95,70.65,86,100,1.88,overcast clouds
586,Riohacha,CO,11.5444,-72.9072,74.05,85,0,5.37,clear sky
587,Numaligarh,IN,26.6333,93.75,58.78,81,54,4.97,broken clouds
588,Ca Mau,VN,9.1769,105.15,87.73,53,43,14.05,scattered clouds
589,Mariental,NA,-24.6333,17.9667,72.03,67,91,6.76,overcast clouds
590,Tazovskiy,RU,67.4667,78.7,-11.99,100,91,5.03,overcast clouds
591,Dinagat,PH,9.9561,125.5933,80.89,76,85,13.27,overcast clouds
592,Hailey,US,43.5196,-114.3153,-12.95,78,75,5.99,broken clouds
593,Tahoua,NE,14.8888,5.2692,59.95,14,86,8.08,overcast clouds
594,Lazurne,UA,46.084,32.5295,36.01,84,100,7.29,overcast clouds
595,Prado,BR,-17.3411,-39.2208,76.98,91,57,7.9,broken clouds
596,Sioux Lookout,CA,50.1001,-91.917,1.47,78,100,14.97,overcast clouds
597,Henties Bay,NA,-22.116,14.2845,65.86,84,76,2.1,broken clouds
598,Mtama,TZ,-10.3,39.3667,71.37,97,85,1.63,overcast clouds
599,Vaitape,PF,-16.5167,-151.75,81.14,76,10,19.44,clear sky
600,Senanga,ZM,-16.1167,23.2667,62.31,87,24,3.44,few clouds
601,Puri,IN,19.8,85.85,66.72,67,1,5.3,clear sky
602,Beloha,MG,-25.1667,45.05,69.71,87,0,10.25,clear sky
603,Nizhnyaya Tavda,RU,57.6731,66.1725,19.42,90,99,11.25,overcast clouds
604,Guatire,VE,10.4762,-66.5427,73.9,98,35,1.72,scattered clouds
605,Hargeysa,SO,9.56,44.065,58.53,94,99,13.67,overcast clouds
606,Luis Correia,BR,-2.8792,-41.6669,80.6,89,40,10.36,scattered clouds
607,Quatre Cocos,MU,-20.2078,57.7625,81.09,91,100,31.21,light rain
608,Carballo,ES,43.213,-8.691,47.62,87,0,3.96,clear sky
609,Marsa Matruh,EG,31.3525,27.2453,48.4,66,0,8.05,clear sky
610,Copiapo,CL,-27.3667,-70.3333,66.24,66,0,0.85,clear sky
611,Kidal,ML,18.4411,1.4078,62.74,18,90,11.03,overcast clouds
612,Macklin,CA,52.3334,-109.9348,-6.47,98,89,8.75,overcast clouds
613,Mantena,BR,-18.7817,-40.9803,74.23,84,99,0.87,overcast clouds
614,Tomatlan,MX,19.9333,-105.25,63.64,77,0,2.46,clear sky
615,Ambilobe,MG,-13.2,49.05,73.81,93,100,2.08,light rain
616,Weligama,LK,5.9667,80.4167,76.87,69,15,9.75,few clouds
617,Marquard,ZA,-28.6645,27.4305,62.53,62,100,4.61,overcast clouds
618,Sorland,NO,67.667,12.6934,28.47,59,100,14.83,overcast clouds
619,Cururupu,BR,-1.8283,-44.8683,75.25,95,76,4.41,broken clouds
620,Severo-Kurilsk,RU,50.6789,156.125,31.17,74,100,10.96,overcast clouds
621,Macau,BR,-5.115,-36.6344,79.92,77,53,13.38,broken clouds
622,Atar,MR,20.5169,-13.0499,73.27,13,77,10.96,broken clouds
623,Brownsville,US,25.9018,-97.4975,62.1,92,0,1.99,clear sky
624,Batsfjord,NO,70.6345,29.7185,16.81,83,90,2.33,overcast clouds
625,Almenara,BR,-16.1836,-40.6944,71.91,96,52,0.87,broken clouds
626,Cumra,TR,37.5732,32.7745,31.62,90,100,13.76,overcast clouds
627,Mount Isa,AU,-20.7333,139.5,91.17,49,100,10.36,overcast clouds
628,Dauphin,CA,51.1494,-100.0502,-9.26,70,0,17.27,clear sky
629,Meulaboh,ID,4.1363,96.1285,82.11,71,42,4.45,scattered clouds
630,Listvyanskiy,RU,54.4399,83.4984,9.12,96,100,5.75,overcast clouds
631,Nalut,LY,30.3333,10.85,41.68,71,73,11.07,broken clouds
632,Huilong,CN,31.8111,121.655,46.04,62,100,7.18,overcast clouds
633,Kununurra,AU,-15.7667,128.7333,87.78,62,100,17.27,overcast clouds
634,West Bay,KY,19.3667,-81.4167,75.27,89,0,3.0,clear sky
635,Tieling,CN,42.2931,123.8414,17.4,37,5,11.59,clear sky
636,Husavik,IS,66.0449,-17.3389,8.51,79,95,8.81,overcast clouds
637,Lodwar,KE,3.1191,35.5973,82.87,42,100,9.71,overcast clouds
638,Fare,PF,-16.7,-151.0167,81.09,73,1,19.64,clear sky
639,Eisenerz,AT,47.5333,14.8833,35.29,97,100,7.63,snow
640,Uruguaiana,BR,-29.7547,-57.0883,85.93,45,0,6.91,clear sky
641,Teguise,ES,29.0605,-13.564,64.62,42,0,9.22,clear sky
642,Ankang,CN,32.68,109.0172,43.66,63,100,2.46,overcast clouds
643,Ayr,AU,-19.5833,147.4,92.03,22,100,5.66,overcast clouds
644,Hambantota,LK,6.1241,81.1185,73.74,94,20,5.75,few clouds
645,Makinsk,KZ,52.6292,70.4169,-1.8,97,95,4.12,overcast clouds
646,Willowmore,ZA,-33.2926,23.4895,73.58,73,100,4.09,overcast clouds
647,Luanda,AO,-8.8368,13.2343,75.2,83,40,4.61,scattered clouds
648,Butterworth,ZA,-32.3308,28.1498,72.91,68,98,5.79,overcast clouds
649,Mormugao,IN,15.4,73.8,69.06,94,8,2.3,mist
650,Zhucheng,CN,35.9947,119.3975,35.15,29,99,1.39,overcast clouds
